fold,r2,mae,rmse,trial_number
2,0.9851316698979994,476.64778024496496,965.0698092391694,0
3,0.989614272568887,433.6946293438251,842.6567715455656,0
4,0.9936300998984784,388.20761445928656,686.3106478425713,0
5,0.9935442972343294,429.1834791607931,722.8981737396798,0
6,0.994626042686691,388.8684324882721,657.685481946343,0
2,0.9851242457686814,473.77375137229967,965.3107209235142,1
3,0.98907588883517,443.85600021269823,864.221985254102,1
4,0.9934985039922256,391.63316732570195,693.3636603576479,1
5,0.9934569385158332,433.1359987545624,727.7728753787795,1
6,0.994555999402802,387.16572620401735,661.9576888992892,1
2,0.9858597511429752,459.3112297372333,941.144175108011,2
3,0.9902659677774136,421.158651720753,815.7905019213815,2
4,0.9940903808889711,375.1032889034975,661.0497896838258,2
5,0.9941715713895838,406.93559754350736,686.8803700583525,2
6,0.9949973973572682,369.4932518386813,634.5548283862703,2
2,0.9864472994360343,446.047533492326,921.3837611663595,3
3,0.990484161601808,415.92986067363324,806.5954797874607,3
4,0.9942818450602067,365.44386423870264,650.2530315396648,3
5,0.9944174558806772,395.6510554105705,672.2355047886488,3
6,0.995171093294467,364.0352618352392,623.4412821717735,3
2,0.9864434387675239,443.13148684345464,921.5149860822327,4
3,0.9908663907777429,407.9635193122,790.2299182229013,4
4,0.9944920817212205,358.471332574836,638.1873186851906,4
5,0.9946960857136077,387.5864456010285,655.2448450640397,4
6,0.9953890344568251,354.92805873560775,609.2100895359157,4
2,0.9854420276403735,471.780764588422,954.9443807641547,5
3,0.9894680852533232,436.8180136838325,848.5665776863943,5
4,0.9936634508023703,386.5487701524979,684.511630677048,5
5,0.9936879044344223,424.9901318601319,714.8125143549726,5
6,0.9946673281393931,386.1529175961012,655.1542751444447,5
2,0.9860493717307417,458.198490242196,934.812509850656,6
3,0.9903533393031254,418.44339831883076,812.1210294857328,6
4,0.9942704798729829,365.21485603977504,650.8989198572386,6
5,0.9941080253069292,407.0131097040557,690.6146723199128,6
6,0.9951298703847845,364.6470680388054,626.0966915317368,6
2,0.9862650810619172,449.4593624604895,927.5571608753613,7
3,0.990430099524778,419.59214540727146,808.8834793166965,7
4,0.994328964068084,364.371279444022,647.5683667967985,7
5,0.9944173512655254,397.8388474792072,672.2418035019535,7
6,0.9951197113654879,366.738393382263,626.7493656221445,7
2,0.9855485731669855,465.428339804791,951.4434846806317,8
3,0.9896719886655163,433.81927443144144,840.3120818061084,8
4,0.993657528508708,384.76216243664976,684.8314366151494,8
5,0.9937113804907752,425.7743523262071,713.4820044787352,8
6,0.9947356285441578,381.1286637195539,650.9451743200281,8
2,0.9859778841760817,456.9610029282095,937.2045909221573,9
3,0.9903654314955926,419.54598843194776,811.6118686732793,9
4,0.9941511483934314,370.7753319581839,657.6422818826657,9
5,0.9941521259444961,407.8844892769903,688.0252388932159,9
6,0.9950768417904656,367.76200679651265,629.4961019299858,9
2,0.9857843214499179,462.23076605755483,943.6510544476314,10
3,0.9898509968811011,430.5389221719505,832.9979791631444,10
4,0.993918835994007,380.81350633336297,670.5756578039916,10
5,0.9940568808912371,414.0881354716171,693.6055851070367,10
6,0.9948336472354776,378.9139605482772,644.8566420341183,10
2,0.9863190913314944,446.726267486752,925.7316328280407,11
3,0.9904238605205335,417.70157924755716,809.14710824454,11
4,0.9943134637159172,366.1188337715221,648.4527456336849,11
5,0.9943915197355281,401.22784392389764,673.7952769512066,11
6,0.9952259455836926,362.9302585062742,619.8902868973349,11
2,0.9854317737838676,467.6038417760589,955.2806274199553,12
3,0.9896006341175568,432.15049051772127,843.209874972521,12
4,0.993778343828824,381.49937819643986,678.2775294283568,12
5,0.9935002127722629,430.54889258747625,725.3622243247464,12
6,0.9947261723512718,382.0538480363484,651.5295462104908,12
2,0.9857042973844816,461.116501861962,946.303366049149,13
3,0.9897497832130553,433.3309219770495,837.1413230281053,13
4,0.9938163858210239,380.30649801922976,676.2007036090577,13
5,0.9936718218935858,422.8640101953114,715.7225677598282,13
6,0.994835545141028,377.0499277770824,644.7381842480329,13
2,0.9860656629332666,456.001504914049,934.2665248131971,14
3,0.9903136533113283,421.55231801946996,813.7898322697769,14
4,0.9941869643963263,371.11197595535464,655.6256220952238,14
5,0.9943567299300932,398.9786396429644,675.8818463892967,14
6,0.9951004044348103,368.57038263911704,627.9878848224407,14
2,0.9858037201101177,460.5878588167075,943.0069833511051,15
3,0.9900554515143446,424.25494702612366,824.5647970065497,15
4,0.9939184966497413,377.92217622620166,670.5943674481875,15
5,0.9940592522560998,412.0668285814048,693.4671934655508,15
6,0.9949642138210261,372.31730561541906,636.6559316766636,15
2,0.9862381342026867,451.73053167693695,928.4666130868671,16
3,0.9903588033072477,417.1084376425526,811.8909985285759,16
4,0.9942018522714738,365.5228528493161,654.7855162730841,16
5,0.9943208351720774,399.2745729858272,678.0279566253604,16
6,0.9950793923906563,366.4587868586845,629.3330154699901,16
2,0.9861041146979924,453.4664379283284,932.976581349609,17
3,0.9903108921841374,419.763420826726,813.9058108322478,17
4,0.9941484993350792,370.0701509564475,657.7911944966305,17
5,0.994233723991284,403.4157415980561,683.2082117568763,17
6,0.9950581104235355,370.58355975251783,630.6925014263895,17
2,0.9867622349133327,438.1100966017028,910.6153509316279,18
3,0.9911691478793807,400.8312671303108,777.0224395893949,18
4,0.9947317626056533,349.00839659279325,624.1472976295436,18
5,0.9946865220369465,387.11183144840925,655.8353266572642,18
6,0.9954683821356598,351.49039555383507,603.9455547268958,18
2,0.9855935879668452,464.5676462544548,949.9605016277609,19
3,0.9896538963534954,433.606761434467,841.047776974595,19
4,0.9938652607407717,380.80306461807027,673.5230770328519,19
5,0.9938309451084109,418.70495697135306,706.6667895141635,19
6,0.9947716774947702,378.8402077202071,648.7126000474681,19
2,0.9853666734633504,469.45922191784456,957.4126561784859,20
3,0.989421089416779,440.26760972754795,850.4577204028819,20
4,0.9936762835182797,386.3999202653055,683.8181463437033,20
5,0.9937682985717824,424.0126880765375,710.2458145109609,20
6,0.9946607503801109,384.48468665320047,655.5582114018091,20
2,0.9858767189285486,457.6828493607497,940.5793361794413,21
3,0.9900282774083721,426.80327473519355,825.6906160962344,21
4,0.994090820980716,371.4959582830659,661.0251749018541,21
5,0.9940969446246665,409.92798538423966,691.2637660140607,21
6,0.994994892357497,371.86610516927414,634.7136817746425,21
2,0.9857951184529159,460.60613093552706,943.2926284126355,22
3,0.9898811275721392,427.6761403238687,831.7605442795182,22
4,0.9939831498286843,376.8113402856845,667.0202589926389,22
5,0.9940219655155609,413.1461201466181,695.6400416136341,22
6,0.9948956789810046,376.4121848107829,640.973594868393,22
2,0.9852724588016383,469.86821010303214,960.4897960898664,23
3,0.9894500123454103,435.0982527220803,849.2943414596616,23
4,0.9935418376905037,389.5369493286739,691.0490973131887,23
5,0.9937379162629516,426.0992358719709,711.9750910307974,23
6,0.994588216076162,388.4873924424234,659.9961057778384,23
2,0.9860945069422669,453.64125474808446,933.2990603430106,24
3,0.9903669634801474,418.4017796957984,811.547339251035,24
4,0.9941030766754052,372.29767331767033,660.3393327894223,24
5,0.9942087394665569,404.4761808965851,684.6867381280766,24
6,0.9949094885951019,372.2246016020228,640.1059385223292,24
2,0.9860203662989052,456.431572238188,935.7838123899011,25
3,0.9900532249369637,426.65476840038843,824.6571015778891,25
4,0.9940013180188498,375.12731190828805,666.012446553413,25
5,0.9940239853467804,413.18049061694734,695.5225118316937,25
6,0.9948787852466353,377.34656618807804,642.0334314955415,25
2,0.9851520674515502,473.7901530283899,964.4076024211689,26
3,0.9891177146252994,443.98794845711046,862.5659496945074,26
4,0.9933392879029594,397.15001690796566,701.8022515520374,26
5,0.9933101897000196,440.6814079790766,735.8889231814476,26
6,0.9945462335647595,388.23619516640105,662.5511564155087,26
2,0.985866467353591,462.07384332155107,940.9206403843281,27
3,0.9901531810598363,420.9434833139296,820.5031090148873,27
4,0.9939192724853876,376.48041226664435,670.5515912151849,27
5,0.9941155708933269,409.63332445340126,690.1723111064783,27
6,0.9950346395746638,370.3072193751624,632.1884225393909,27
2,0.9861917014761236,452.26538262813455,930.0316237381548,28
3,0.9903939535575925,420.12683925157484,810.4096351832949,28
4,0.9941742278910204,368.56522226404803,656.3434751082981,28
5,0.9942478710672686,402.88538288569544,682.3695999677697,28
6,0.9950998676835775,367.7550824867552,628.0222819513243,28
2,0.9865463876129487,443.06254274745265,918.0093146017803,29
3,0.9907972999657537,407.7144730307684,793.2131181653126,29
4,0.9943955829025475,361.9260770837203,643.7535704900703,29
5,0.9946032809554263,390.57612730886785,660.9525294752361,29
6,0.9952797466673884,360.3422853946124,616.3874713754481,29
2,0.9868428614044215,435.8577984465103,907.8379993523987,30
3,0.991208681777991,399.2780373955383,775.2812042338678,30
4,0.9946947209549792,351.4568925820496,626.3376838763094,30
5,0.9948156236352136,380.46466055924844,647.8189165834784,30
6,0.9955332314641514,348.62263389351006,599.6086274988544,30
2,0.986016298223688,456.0081399466914,935.919959091233,31
3,0.9903043391763777,422.0592237628249,814.1809976552798,31
4,0.9940574260707272,374.06239946216783,662.8903896535918,31
5,0.9941457418496751,407.36700794012995,688.4006933046197,31
6,0.9950865781021199,366.22181856462436,628.8733306091331,31
2,0.9851316633230213,471.8582256087773,965.070022622654,32
3,0.9894468520833383,437.7399932383245,849.4215355292177,32
4,0.9935106050124145,388.8613294787728,692.7180923624435,32
5,0.9936563308772489,426.0056254703676,716.598056158376,32
6,0.9945742015655792,387.63130033912125,660.8501256420134,32
2,0.9855912333638309,464.78382337045855,950.0381298556404,33
3,0.9896013437125112,436.892635919865,843.1811065030441,33
4,0.9938501928053756,380.18127114323454,674.3497118549203,33
5,0.9936654740961465,423.69266326346616,716.0814485499061,33
6,0.9947549275997045,380.4856747073125,649.7509043197707,33
2,0.9860452050831982,453.59649859109714,934.9521001036081,34
3,0.9901754506150506,422.8796888931642,819.5747593509491,34
4,0.994081713019957,372.93911332188077,661.5344058118875,34
5,0.994200875292883,406.3436521456841,685.1514615399172,34
6,0.9949323905541335,374.9925410189477,638.6644128777496,34
2,0.9858584346203115,458.8055280308769,941.1879865292308,35
3,0.9902752426505453,422.7194049686607,815.4017546656373,35
4,0.994113646176826,373.54993272000576,659.7472793244235,35
5,0.9942347260134836,405.69778069365964,683.1488476597068,35
6,0.9949672502376571,373.19111119278756,636.4639612389336,35
2,0.9849459272675102,480.02342906358183,971.0791673500057,36
3,0.9890047348502565,446.942642270482,867.0319635150339,36
4,0.9932555468575663,398.64153254479885,706.2001362515127,36
5,0.9932708125775994,438.3652392936434,738.0515160688117,36
6,0.9944643118644257,390.793515531268,667.5087401320867,36
2,0.9857578252481294,460.0032627109801,944.5300673219942,37
3,0.9900399119623463,426.57769441926035,825.2087863167723,37
4,0.9939194616122965,381.06855870325006,670.5411631590409,37
5,0.9941161958069684,409.991318213402,690.1356627302538,37
6,0.9948926120255476,375.8368003776851,641.1661319610133,37
2,0.9857300909024413,462.67290403222836,945.4492802642186,38
3,0.9896871311875518,431.1810558562478,839.6958396639983,38
4,0.9938652474270754,381.67071844407104,673.5238078770241,38
5,0.9938163541014646,419.6022803159858,707.501997706503,38
6,0.9948023810497664,377.6420747720479,646.8049985972478,38
2,0.9856856609158672,462.7806819977038,946.9199852362091,39
3,0.9895921553705768,434.06505899771304,843.5535452795274,39
4,0.9936604374371133,385.2893448212842,684.6743721259787,39
5,0.9938333156080524,423.58506017502253,706.5310058038729,39
6,0.9946941226394234,382.3819256847364,653.5062609437637,39
2,0.9868166034568939,438.9697182434298,908.7434424608604,40
3,0.9911900184860996,400.4660386265872,776.1036991024214,40
4,0.9946417257680433,352.49029330624376,629.4581985276985,40
5,0.9948047774473248,382.44848348654324,648.496210638044,40
6,0.9955569054051441,348.2455489109894,598.017549102817,40
2,0.9860933088296939,453.69563119498866,933.3392665136455,41
3,0.9903266678103322,419.0505671101418,813.242947710897,41
4,0.9940939308662771,373.41685538178837,660.8512096875826,41
5,0.994149651837814,405.1326606443317,688.1707676629026,41
6,0.9950363858647706,368.7363039137887,632.0772441578922,41
2,0.9857821087575745,459.89080740657704,943.7244919628191,42
3,0.989978601757554,426.87693366773664,827.7447126899899,42
4,0.9939732064715981,376.4041952042399,667.5711853521133,42
5,0.9939995398011884,414.5222621383928,696.9436157074502,42
6,0.9948842988977036,375.5514388744711,641.6877223422999,42
2,0.9856277008048682,465.1517495063798,948.8351327717056,43
3,0.9899024550772215,429.53817630807623,830.8835328077178,43
4,0.9939173153114774,378.8762099838353,670.6594961073839,43
5,0.9939177258177461,416.0749374822575,701.6788097435293,43
6,0.9949942083069913,372.3944157536459,634.7570536072095,43
2,0.986380079593231,446.8425748234864,923.6659138339267,44
3,0.9906696737444053,412.0655313526687,798.6944560218861,44
4,0.994430118902456,363.47294645385597,641.7670097285654,44
5,0.9944789263056415,397.0408207887513,668.5242053710783,44
6,0.9952593214316909,360.37170512123004,617.7196317848832,44
2,0.9851746778337234,472.2798282890431,963.6730243208154,45
3,0.989316611638224,440.7872014790501,854.6469811037678,45
4,0.9934834216612246,390.39820159024686,694.1674355446706,45
5,0.993612040191047,431.22840949936233,719.0953028490056,45
6,0.9945250887289143,386.61649087335724,663.8343047452911,45
2,0.9861907861213848,452.3390396194476,930.0624492140362,46
3,0.9905567088914528,415.15302587447246,803.5149171257763,46
4,0.9942315875193817,368.069939688072,653.1043555335093,46
5,0.994375022011067,397.5486036115138,674.7855564581017,46
6,0.9951998540187288,363.99258563117223,621.5819170835236,46
2,0.9863258584846374,450.4399572756736,925.5026515976342,47
3,0.9906620022482427,412.9749196322239,799.0227362098077,47
4,0.9943228382099786,363.816824258898,647.9180243627986,47
5,0.9946121205674661,391.6981252301574,660.41100060163,47
6,0.9953008615179053,358.00289091231275,615.0073000384683,47
2,0.9853561302556675,472.61038933926204,957.7574985799013,48
3,0.9892035042231176,445.1617074145227,859.1592385720867,48
4,0.9935259218800999,392.7659212779494,691.9001008841268,48
5,0.9935467914839646,428.75864246374374,722.7585094174999,48
6,0.9946195116049803,386.1634507504657,658.0850099936573,48
2,0.9863052393479022,450.2373990712545,926.2001680492484,49
3,0.9906258449180045,414.39924655072485,800.568175458305,49
4,0.9943722097553471,363.22729438058,645.0945566688548,49
5,0.9945305160002211,394.09355144697,665.3934822954317,49
6,0.9950860420676011,365.51430500804815,628.9076334460013,49
